{"R": 117.38235345513728, "G": 89.98967705304406, "B": 80.38935005955223}