{"R": 120.27555073193098, "G": 92.02724790839183, "B": 82.45121000426674}