{"R": 120.4773613451003, "G": 92.59741541018283, "B": 82.43033519271091}